{"cameraMode":{"drawMode":0,"name":"Shaded","section":"Shading Mode"},"sceneLighting":true,"audioPlay":false,"sceneViewState":{"showFog":false,"showMaterialUpdate":false,"showSkybox":false,"showFlares":false,"showImageEffects":false,"showParticleSystems":false},"in2DMode":false,"pivot":{"x":-0.016469813883304597,"y":1.095782995223999,"z":3.3615379333496095},"rotation":{"x":0.19406434893608094,"y":-0.00852663628757,"z":0.00168626441154629,"w":0.980955958366394},"size":12.943180084228516,"orthographic":false}